Name,link,Types of Speaking,Working In,Job Title,Country,Industry,Social Media Links,About
Pablo Isla Alvarez de Tejera,https://platform.southsummit.co/event/south-summit-2023/person/RXZlbnRQZW9wbGVfMjE4MDY1MjM=?openConnection=true,Key Business Leaders,Other,"Advisor
Chairman
Director",Spain,"Education
Food Industry
Investment Solution
Other",[],"Pablo Isla (Madrid, 1964), graduate in Law of the Complutense University of Madrid and State Lawyer ranked number one in his class, held the position of Director of Legal Services at Banco Popular from 1992 to 1996, when he was appointed General Director of State Assets in the Finance Ministry. In 1998 he returned to Banco Popular Espa√±ol as General Secretary and in 2000 he became Co-Chairman and Co-CEO of the Altadis Group.
In 2005, Pablo Isla joined the Inditex Group as CEO, and in 2011 he became Chairman and CEO of the company until March 2022. During this period, Inditex became a world leader in its sector and a benchmark in digital integration and sustainability.
Pablo Isla is also member of the Board of Directors of Nestl√©, Global Senior Advisor at General Atlantic and Chairman of the International Advisory Board of IE University, and a member of the Board of Trustees of the Museo del Prado, Madrid¬¥s Teatro Real, La Caixa Foundation, among others.
Harvard Business Review has named him in 2017 and 2018 as the best CEO in the world."
Pau Gasol,https://platform.southsummit.co/event/south-summit-2023/person/RXZlbnRQZW9wbGVfMjA3MDQ2OTE=?openConnection=true,Key Business Leaders,Other,Founder,Spain,"Healthcare
Wellness",[],"Pau Gasol is president of the Gasol Foundation, member of the Athletes‚Äô Commission of the IOC, and investor and advisor to projects having to do with sports and wellbeing.

He began his sporting career in the basketball division of the Barcelona Football Club. In 2001, with the Memphis Grizzlies, he became only the second Spaniard to play in the NBA and the first to win its Rookie of the Year award. He was twice an NBA champion, six times an All-Star. With the Spanish national team, Pau helped win a world championship and was a three-time Olympic medallist. Pau has become a point of reference for many European players who want to compete in the world‚Äôs best basketball league. 

Off the court, Pau has shown his social commitment to children and health through his role as UNICEF Global Champion for Nutrition and Zero Obesity, as well as by creating the Gasol Foundation with his brother Marc. This work has won him awards like the Princess of Asturia Prize for Sports and the NAOS Strategy Award of Special Recognition."
Sergio Furio,https://platform.southsummit.co/event/south-summit-2023/person/RXZlbnRQZW9wbGVfMTkxNTM0MzE=?openConnection=true,Key Business Leaders,Startup,"CEO
Founder",Brazil,Fintech,[],"Sergio Furio is the Founder & CEO of Creditas, the leading fintech platform operating in Latam across 3 ecosystems: Home, Auto and Employee Benefits. With 4,000 employees, Creditas is one of the top tech companies in Latam and a reference in innovation and talent management. Total funding has reached US$825 million and backers include Softbank, Kaszek, Fidelity, Advent, Wellington, Lightrock, Redpoint eVentures, VEF, QED Investors, Headline, IFC, Quona Capital, Mouro Capital (Santander) among others. Using the customer properties, Creditas reduces the high interest rates paid by the latin american population. Before founding Creditas in 2012, Sergio was an executive at The Boston Consulting Group and Deutsche Bank‚Äôs investment bank."
Christian Nagel,https://platform.southsummit.co/event/south-summit-2023/person/RXZlbnRQZW9wbGVfMTk3MzQ4MDc=?openConnection=true,Key Business Leaders,Other,CoFounder,Germany,"Aerospace and Aeronautics
Blockchain
Energy Efficiency
Fintech
Food Industry
Green and Clean Tech Solutions
Other",['https://www.linkedin.com/in/chnagel'],"Dr. Christian Nagel, Co-Founder and Partner at Earlybird, is based in the Berlin office and focuses on FinTech ‚Äì especially on companies making use of blockchain, AI-technologies and data analytics.

Christian has over 25 years of entrepreneurial and investment experience. He was Chairman of the Board at Tipp24 AG and Interhyp AG, both of which he led to IPO, returning at large scale. Currently Christian serves on the boards of CrossEngage, Fraugster, Freeverse, Obligate, Getsafe, N26, Ottonova, Shapeshift, Sikoia and Smava.

Previously, Christian worked as an Engagement Manager with McKinsey & Co. Inc. focusing on restructuring, strategy and M&A projects within various industries."
Jenny Fielding,https://platform.southsummit.co/event/south-summit-2023/person/RXZlbnRQZW9wbGVfMTgyODc2NDA=?openConnection=true,Key Business Leaders,Investor,CEO,United States of America,"Artificial Intelligence
Fintech
Healthcare","['https://x.com/jefielding', 'https://www.linkedin.com/in/jennyfielding/']","Co-founder and Managing Partner of Everywhere Ventures, one of the most active pre-seed funds in the world with 300 portfolio companies."
John Elkington,https://platform.southsummit.co/event/south-summit-2023/person/RXZlbnRQZW9wbGVfMTc5MjczMzA=?openConnection=true,Key Business Leaders,Other,Founder,United Kingdom,Green and Clean Tech Solutions,"['https://x.com/volansjohn', 'https://www.linkedin.com/in/john-elkington-2907568']","""John Elkington, Founder & Chief Pollinator at Volans, is one of the founders of the global sustainability movement, an experienced advisor to business, and a highly regarded keynote speaker and contributor, from conferences to boards and advisory boards.
John tackles some of the world's most challenging problems, helping key actors move from the responsibility agenda through resilience to regeneration. In 2021, John won the World Sustainability Award."""
Fazia Pusterla,https://platform.southsummit.co/event/south-summit-2023/person/RXZlbnRQZW9wbGVfMjIzMzA3MjU=?openConnection=true,Speakers,Institution,Head,Spain,Banking,[],"Fazia Pusterla was appointed in September 2021 as Representative for the Office in Europe of the Inter-American Development Bank (IDB) Group based in Madrid, Spain.
Since 2019, she worked as strategic advisor and Public-Private coordinator in the Southern Cone Country Department, based in Buenos Aires. Previously, she worked as deputy director of the Office in Europe, in Madrid and in several positions in Washington D.C. 
Before joining the IDB Group, she was a research fellow for the Office of Production, Productivity and Management at the United Nation‚Äôs Economic Commission for Latin America and the Caribbean in Santiago, Chile and a research and teaching fellow at Bocconi University in Milan, Italy.
Ms. Pusterla is an Italian citizen and holds a Ph.D. in International Economics and Law from Bocconi University, as well a Master¬¥s of Science in Economics from Pompeu Fabra University."
Angel Ni√±o,https://platform.southsummit.co/event/south-summit-2023/person/RXZlbnRQZW9wbGVfMjIzMjU0MjE=?openConnection=true,Speakers,Government,CEO,Spain,Government and Regulation,"['https://x.com/angelninoq', 'https://instagram.com/angelninoq']","√Ångel Ni√±o es Ingeniero t√©cnico en Inform√°tica de gesti√≥n y licenciado en Administraci√≥n y Direcci√≥n de Empresas por la Universidad Carlos III de Madrid. M√°ster en Bussiness Intelligence y Big Bata por el MBIT School.

Inici√≥ su carrera profesional como consultor inform√°tico y de estrategia empresarial. En 2010 dio el salto al ecosistema de emprendimiento como director de diferentes empresas.

Su especializaci√≥n multidisciplinar en nuevas tecnolog√≠as le ha llevado a impartir formaci√≥n en Blockchain y criptomonedas.

Desde 2019 es concejal presidente de Ciudad Lineal, presidente del Consejo de Administraci√≥n de Mercamadrid y Delegado del √Årea de Emprendimiento e Innovaci√≥n del Ayuntamiento de Madrid.

Colabora habitualmente en programas de televisi√≥n y radio como Radio Intereconom√≠a, Futura, 
Horizonte o Cuarto Milenio, y escribe art√≠culos en medios digitales de tem√°tica econ√≥mica y nacional."
Javier De Juan,https://platform.southsummit.co/event/south-summit-2023/person/RXZlbnRQZW9wbGVfMjIyNTE5ODg=?openConnection=true,Speakers,Corporation,Director,Spain,"Accomodation and Hospitality
Banking
Fintech
Payments
Service Provider
Software Development
Telecom and IT Services
Tourism
Transportation
Travel",[],Corporate Development and Strategy for Tech and Travel Industries
Jose Maria Pesta√±a Sartorius,https://platform.southsummit.co/event/south-summit-2023/person/RXZlbnRQZW9wbGVfMjIyNTE3ODA=?openConnection=true,Speakers,Corporation,"C-Level
Director",Spain,Travel,[],"Chief Innovation Officer & High Performance Organisation Director: Extensive experience in transformational processes in the digital environment and in business integrations, with a strong track record in designing high performing organisations and innovation ecosystems having held senior roles in companies including Telef√≥nica, Sanofi, Dun &Bradstreet and UPS. Jos√© Mar√≠a also has wide international experience gained in a variety of multicultural environments and he has led corporate and local teams in Africa, Middle East, Latin America and Europe."
Rayde Luis Baez,https://platform.southsummit.co/event/south-summit-2023/person/RXZlbnRQZW9wbGVfMjIyNTE2NTE=?openConnection=true,Speakers,Other,Founder,Spain,Sports,"['https://www.linkedin.com/in/raydeluisbt', 'https://x.com/raydeluisbt', 'https://instagram.com/raydeluisbt']","Dominican economist, relocated to Spain, with almost two decades fully dedicated to the sports & entertainment industry. Founded and runs an international partnerships & business strategy advisory firm, under his own vision and brand called The Connect, from where he serves as Strategic Advisor to different companies, like Euroleague Basketball, Rakuten Inc., and Palladium Hotel Group, to name a few. Also co-founded and is a Managing Partner of SPORTHINK, a specialized advisory firm focused in investment capital sourcing for sports entities that seek financing and investment into technological transformation activities. Has been the Managing Director of an international sports marketing agency, leading business development for Southern Europe and the Americas, while handling the agency operations in the Iberian Peninsula. Previously, was part of the leadership structure of Euroleague Basketball in its marketing partnerships department, while also undertaking the strategic direction of the league‚Äôs digital business, and content marketing operations, creating award winning branded content and activation projects.
 
Member of the World Football Summit Advisory Board, and the Mentorship Board of the Global Sports Innovation Center powered by Microsoft.
 
Throughout his career has worked in commercial and activation projects with Euroleague Basketball, MotoGP, the NBA and some of its franchises, some of the top Major League Baseball franchises, LaLiga, the Spanish Football Federation (RFEF), the World Surf League, FC Barcelona, Real Madrid, Atl√©tico de Madrid, Valencia CF, and several other sports properties. On the brand partnership building and activation side, has worked and continues to have a working relationship with decision makers at some of the renowned global brands in the space, namely TAG Heuer, BMW, Santander Bank, Red Bull, TIDAL, New Balance, Turkish Airlines, Adidas, 2K Sports, Nike, Spalding, New Era Cap, and The Upper Deck Company, amongst many, always achieving greater than expected return on investment."
Silvia Mogas,https://platform.southsummit.co/event/south-summit-2023/person/RXZlbnRQZW9wbGVfMjIyMzA4ODQ=?openConnection=true,Speakers,Startup,Founder,Spain,"Blockchain
Marketing","['https://www.linkedin.com/in/silviamogas', 'https://x.com/silviamogas', 'https://instagram.com/silviamogas.eth', 'https://www.facebook.com/silviamogas.eth']","Silvia Mogas is the Founder of Blockchain Marketing Boutique, a Marketing Agency that provides strategy and marketing support for Web2 brands and Web3 native companies seeking to enter the Web3 space also she is an entrepreneur at ESADE University. She is an International public speaker and lecturer.

Silvia has a deep passion for startups and is committed to mentoring and supporting them. She mentors in the following accelerators: R3 Corda, Newchip, and the SBC Inclusive Fintech & DeFi Program. 

Silvia holds an Executive MBA, a Postdegree in Marketing, and a Chartered Institute of Marketing Diploma, she also holds a Tourism Degree with a Marketing specialization."
Beatriz Oficialdegui,https://platform.southsummit.co/event/south-summit-2023/person/RXZlbnRQZW9wbGVfMjIyMjk2Mjc=?openConnection=true,Speakers,Corporation,Director,Spain,Travel,['https://www.linkedin.com/in/beatrizoficialdegui'],"After working at Google's headquarters in Ireland for 5 years managing clients in the tourism sector for the Spanish market, I have been at Destinia since 2010 as the person in charge of designing and implementing Destinia's Marketing and Communication strategy, and thus continue promoting the image, brand and reputation of the company.

With more than 18 years of experience in the world of marketing and especially in the world of online marketing, I consider myself an expert defining multi-channel strategies helping me lead a powerful team focused on increasing sales through different channels."
Jonathan Clarke,https://platform.southsummit.co/event/south-summit-2023/person/RXZlbnRQZW9wbGVfMjIyMDQ1Njk=?openConnection=true,Speakers,Corporation,Administrative,Spain,"Advertising
Cloud","['https://www.linkedin.com/in/https://www.linkedin.com/in/jonathanbclarke/', 'https://x.com/https://twitter.com/ClarkeJonathan9']","After 4 years in London and 9 in Paris as a founder, I moved to Madrid to further empower the startup community via an open acceleration program with a whole bunch of benefits such as free cloud tech credits and technical advice. Interested in products and human projects!"
√Ålvaro P√©rez Bello,https://platform.southsummit.co/event/south-summit-2023/person/RXZlbnRQZW9wbGVfMjIwOTg4NDg=?openConnection=true,Speakers,Startup,"C-Level
CoFounder",Spain,Energy Efficiency,[],"√Ålvaro is Founder and CPO at Clevergy. He has extensive experience in IoT and ML application development and is currently leading Product at Clevergy. Prior to working at Clevergy, he worked at Altair as a Senior Product Manager, leading the IoT division and bringing an IoT platform to Connected Product Developers. He has also provided digital transformation solutions to manufacturing companies in consultancy firms. Additionally, he is a Professor at University Pontificia Comillas, where he teaches Embedded Software development to Masters students."
Isabel Gorgoso de la Pe√±a,https://platform.southsummit.co/event/south-summit-2023/person/RXZlbnRQZW9wbGVfMjIwOTU5NDc=?openConnection=true,Speakers,Corporation,Director,Spain,Energy Retail,[],"Telecommunications Engineer with over 20 years of experience. She has held various roles in the telecommunications network field, consultancy, business development and sales. 
Most of her career has been closely tied to the customer experience and energy sector, where she has led public charging and smart cities projects in major energy companies.
Currently, she is responsible for one of the most innovative business lines within Cepsa's new strategic plan, Positive Motion."
Julen Rodr√≠guez Sola,https://platform.southsummit.co/event/south-summit-2023/person/RXZlbnRQZW9wbGVfMjExNTA2Nzk=?openConnection=true,Speakers,Other,CEO,Spain,Social Impact,[],Entrepreneurship for social change
Antoine Nussenbaum,https://platform.southsummit.co/event/south-summit-2023/person/RXZlbnRQZW9wbGVfMjE5NzYxNTc=?openConnection=true,Speakers,Investor,CoFounder,United Kingdom,Other,['https://www.linkedin.com/in/https://www.linkedin.com/in/antoinenussenbaum/'],"We cofounded Felix Capital in 2015, a venture firm for the creative class, at the intersection of technology and creativity, focused on opportunities in digital lifestyle.

Our mission is to support ambitious brand builders with big ideas, capturing new behaviors and cultural shifts. We are after new branded propositions, either through innovative products, services or content. We are also passionate about software builders reinventing the experience between brands/retailers and their customers, reshaping commerce, retail, marketing or hospitality. 

Our portfolio includes the like of Farfetch, Mirakl, Peloton, Oatly, Goop, Deliveroo, Forter, HighSnobiety, TravelPerk, Mejuri, Unmind, Moonbug, YFood amongst other exciting entrepreneurial journeys.

I'm currently a member of the board at TravelPerk and Ukio in Spain, as well as Unmind, Lick, SellerX, HungryPanda and Manual."
Luis Martin,https://platform.southsummit.co/event/south-summit-2023/person/RXZlbnRQZW9wbGVfMjE3MTA4Mzk=?openConnection=true,Speakers,Hub,CoFounder,Spain,Aerospace and Aeronautics,['https://www.linkedin.com/in/berkelio/'],"A whole career making an impact with digital technology from Enterprise to Consumer users, creating products with Corporates and StartUps"
Carles Morales,https://platform.southsummit.co/event/south-summit-2023/person/RXZlbnRQZW9wbGVfMjA5NzE0MTc=?openConnection=true,Speakers,Startup,CEO,Spain,Smart Cities,"['https://x.com/MoralesCarles', 'https://www.linkedin.com/in/carlesmorales/']","CEO & Founding Partner of Orpheus.
Industrial engineer, MSc in Artificial Intelligence.
Working hard to turn professional buildings to healthy, confortable and sustainable spaces."
Faysal Oudmine,https://platform.southsummit.co/event/south-summit-2023/person/RXZlbnRQZW9wbGVfMjA5NTM1ODk=?openConnection=true,Speakers,Startup,CEO,France,"Fintech
Payments","['https://www.linkedin.com/in/faysal-oudmine-a3a75244', 'https://x.com/FoudMine']","Faysal is a Moroccan entrepreneur, who founded three successful companies before co-founding Fintecture in 2017 in France. Faysal and his co-founders saw a need for innovation in the gigantic market of B2B payments. Fintecture offers merchants a range of proprietary payment solutions without intermediaries helping them increase turnover, drive down costs and simplify payments. Faysal handled business development and later lead the product before getting elected as the CEO in 2019. Today, Fintecture employs 80 people, has over 10,000 merchants who trust it with their payments and has more than 450,000 payers using its payment solutions."
Aurore Falque-Pierrotin,https://platform.southsummit.co/event/south-summit-2023/person/RXZlbnRQZW9wbGVfMjA5MDk0OTI=?openConnection=true,Speakers,Investor,Partner,France,Investment Solution,['https://www.linkedin.com/in/aurore-falque-pierrotin-54b84a59'],"I'm a Partner at Samaipata, a pan-European early stage VC fund"
Fabio Lancellotti,https://platform.southsummit.co/event/south-summit-2023/person/RXZlbnRQZW9wbGVfMTkzODc1MTk=?openConnection=true,Speakers,Investor,Partner,France,"Artificial Intelligence
Automotive
Green and Clean Tech Solutions",['https://www.linkedin.com/in/fabio-lancellotti-9662621/'],"Investor in early and growth stage technology start-ups at Aster Capital. I work across Europe and I am interested in especially SaaS and recurring revenue business models.
We support entrepreneurs that have bold ideas to turn digital and sustainable traditional slow moving sectors. At Aster we typically lead early stage deals, investing between $0.5M-$5M and are technology agnostic. Occasionally, I am acting as Business Angel and like helping both first time and more experienced entrepreneurs in their pre-seed phase of development."
Stephanie Hospital,https://platform.southsummit.co/event/south-summit-2023/person/RXZlbnRQZW9wbGVfMTgzNTc0MDg=?openConnection=true,Speakers,Investor,CEO,France,Fintech,"['https://x.com/Stephhospital', 'https://www.linkedin.com/in/stephaniehospital', 'https://www.facebook.com/www.facebook.com/stephanie.hospital']","St√©phanie Hospital is the Founder and CEO of OneRagtime, a disruptive venture capital fund that sources, backs, and scales the most promising early-stage software and tech start-ups across Europe. A ‚Äúfund-as-a-platform,‚Äù OneRagtime combines unparalleled investing insight with a robust international network, hybrid fund, club deal model, and in-house technology to offer next-generation venture capital to its investors and entrepreneurs. The fund invests tickets from 700K to 5M‚Ç¨. In less than five years since its creation, OneRagtime already has over 40 outstanding European companies in its portfolio‚Äîincluding onoff, +Simple, Make.org, HomaGames, PhantomBuster, Loopsider, MatchTune, Glose (exited to Medium), and Jellysmack, its first double unicorn that OneRagtime seeded from Day One."
Pauline Roux,https://platform.southsummit.co/event/south-summit-2023/person/RXZlbnRQZW9wbGVfMTc5MjczMzY=?openConnection=true,Speakers,Investor,Partner,France,"Aerospace and Aeronautics
AgriTech
Banking
Biology and Life Sciences
Consumer Electronics
Cyber Security
Data and Analytics
Energy Efficiency
Fintech
Green and Clean Tech Solutions
Healthcare
Industrial Biotech
Insurance
Logistics Solutions
Payments
Productivity Services
Retail
Robotics
Service Provider
Smart Cities
Software Development
Waste Management and Recycling","['https://x.com/rouxpau?lang=en', 'https://www.linkedin.com/in/paulineroux?originalSubdomain=fr']","Pauline is partner at Elaia. Prior to joining Elaia, Pauline worked in investment banking, in the Corporate Finance team of Bryan, Garnier & Co where she executed M&A/fundraising/IPOs transactions for the Tech sector.

Pauline also serves at Venture Council of Invest Europe, is co-president of the Venture & Growth commission at France Invest, gives classes at France Invest and is mentor at several Tech acceleration programs in Paris."
Lubomila Jordanova,https://platform.southsummit.co/event/south-summit-2023/person/RXZlbnRQZW9wbGVfMjExMjEwMjQ=?openConnection=true,Speakers,Startup,"CEO
CoFounder",Germany,Software Development,"['https://www.linkedin.com/in/ljordanova/', 'https://x.com/lubomilaj', 'https://instagram.com/lubomila.earth']","Lubomila Jordanova is the co-founder and CEO of Plan A, a software provider offering an end-to-end platform that uses machine learning and science to enable businesses to reduce their emissions and improve and report on their ESG performance. The company was recently named World Economic Forum Technology Pioneer 2022. Lubomila is also co-founder of the Greentech Alliance, a community of more than 2,000 Greentech startups connected to more than 500 advisors from VC, media, and business. Prior to Plan A, she worked in investment banking and venture capital as well as the fintech industry in Asia and Europe. Lubomila has been recognised as an Obama Europe Leader 2022, MIT Innovator Under 35 Europe 2022, Marshall Fund Fellow 2022, Top 50 Women Entrepreneurs in Germany 2022 (Handelsblatt) and 30 under 30 (Forbes), among others."
Luis Oliveira,https://platform.southsummit.co/event/south-summit-2023/person/RXZlbnRQZW9wbGVfMjAwMjczMTU=?openConnection=true,Speakers,Startup,"C-Level
CoFounder",The Netherlands,Telecom and IT Services,['https://www.linkedin.com/in/lpcoliveira'],Tech Entrepreneur. Experience in advisory (Corporate Finance at Deloitte and Acceleration Manager at HighTechXL). Background in Economics and Finance.
Nicholas Zylberglajt,https://platform.southsummit.co/event/south-summit-2023/person/RXZlbnRQZW9wbGVfMjIzNjcwMzI=?openConnection=true,Speakers,Startup,CEO,United Kingdom,"Drones
IoT IoE and Sensors
Robotics","['https://www.linkedin.com/in/nicholasz', 'https://x.com/niczyl']","Nicholas Zylberglajt, CEO of Unmanned Life. An entrepreneur with a proven track record of building partnerships and business growth, Nicholas has over 15 years of business, strategy, innovation and investment experience with corporations. He previously led multi-stakeholder and multinational negotiations and strategic partnerships."
Unai Franco,https://platform.southsummit.co/event/south-summit-2023/person/RXZlbnRQZW9wbGVfMjIxOTI1OTE=?openConnection=true,Speakers,Investor,Partner,United Kingdom,Other,['https://www.linkedin.com/in/ufranco/'],"Investor in tech and co-founder of White Peak Partners, corporate finance advisory firm, specialises in energy transition, cleantech and industry 4.0, among others. Former Investment Banker with Merrill Lynch (London) in Technology, Energy/ Renewables, Industrials, and former R&D Engineer at Daimler (Mercedes Benz, Germany), specialised in intelligent technology solutions and alternative power systems, among others. MBA from London Business School and Masters in Electronics & Automation Engineering. Fluent in English, German, Italian & Spanish."
Luca Bocchio,https://platform.southsummit.co/event/south-summit-2023/person/RXZlbnRQZW9wbGVfMjE2NzkwMjM=?openConnection=true,Speakers,Investor,Partner,United Kingdom,"Cloud
Consumer and Ecommerce
Fintech
Software Development","['https://x.com/luca_bocchio', 'https://www.linkedin.com/in/luca-bocchio-0247a621/']","Luca Bocchio joined Accel in 2018 and has a particular interest in next generation consumer and fintech businesses, as well as low-code/no-code and software companies enabling the future of work.

Luca led Accel‚Äôs investment in BRYTER, brumbrum (acquired by Cazoo), Charles, Insify, kevin., Luko, Lydia, Swan and Trade Republic. He also works closely with sennder and Soldo, and is on the board of Vinted

Prior to Accel, Luca was with H14, where he invested in global early and growth stage opportunities, such as Deliveroo, GetYourGuide, Flixbus, SumUp, and SecretEscapes. Luca previously advised technology, industrial, and consumer companies on strategy with Bain & Co. in Europe and Asia.

Luca is from Italy and graduated from LIUC University."
Jacky Abitbol,https://platform.southsummit.co/event/south-summit-2023/person/RXZlbnRQZW9wbGVfMjAwODU1MjM=?openConnection=true,Speakers,Investor,"Investor
Partner",France,"Artificial Intelligence
Consumer and Ecommerce
Fintech
Healthcare","['https://instagram.com/natmaxabit', 'https://x.com/natmaxabit', 'https://www.linkedin.com/in/jacky-abitbol-875a632']","Jacky Abitbol works as Managing Partner of the Cathay Innovation fund within Cathay Capital. He is in charge of the European activities at Cathay Innovation, and has conducted over 40 investments, including Glovo, Ledger, Owkin, Wallbox, Descartes and Alma.
He benefits from over 20 years of advisory and operational experience in Digital, with a particular expertise in venture capital and corporate development.
 
Prior to joining Cathay Capital, Jacky was a Venture Partner with Iris Capital in Israel from 2012 to 2015. 
Before, he was Vice President for Corporate Development at Orange Digital from 2012 to 2013 and Investment Director at Orange Capital from 2011 to 2012.
 
Previously, Jacky Abitbol was Business Development & Sales Director for the mobile division of SanDisk from 2006 to 2011 and worked as a Corporate and Business Development Director at GFI in Spain from 2003 to 2006. 
 
He started his career as part of the management team of Fantine Group (now Aviv Ventures).
Jacky holds a MBA from Boston University and a degree in Business Administration from Madrid Business School."
Ernest S√°nchez,https://platform.southsummit.co/event/south-summit-2023/person/RXZlbnRQZW9wbGVfMTc5MjczMjA=?openConnection=true,Speakers,Investor,CEO,Spain,Investment Solution,"['https://x.com/ernestsanchez01', 'https://www.linkedin.com/in/ernest-sanchez']","Managing Partner at Nuclio, an ecosystem that creates startups. He is also partner and co-founder of Nekko, a global venture capital fund specialized in the internationalization of startups in Europe and Asia.

He has a degree in Business Administration and Management from the University of Barcelona, in Aviation Management from Stanford University and VC / PE from Harvard Business School. He has more than 20 years of experience in venture capital and entrepreneurship."
Sandra S√§rav,https://platform.southsummit.co/event/south-summit-2023/person/RXZlbnRQZW9wbGVfMjIzNTg2Mjc=?openConnection=true,Speakers,Government,Institution,Estonia,Government and Regulation,"['https://x.com/sandra_sarav', 'https://www.linkedin.com/in/sandrasarav', 'https://instagram.com/sandrasarav']","A well-versed digital policy expert with Estonian Government background, and with experience in EU-level decision-making. Adept in policy-crafting, an accomplished public speaker with legal qualifications, and most recent experience in regulatory and sustainability work from a European unicorn."
Marisa Schneider,https://platform.southsummit.co/event/south-summit-2023/person/RXZlbnRQZW9wbGVfMjIzMjUxNzg=?openConnection=true,Speakers,Institution,Other,Germany,Other,['https://www.linkedin.com/in/marisa-schneider'],"Marisa Schneider manages international partnerships and activities at UnternehmerTUM in Munich, Germany. She connects Europe‚Äôs leading center for business creation with like-minded institutions and stakeholders from abroad and therewith fosters the international dialogue in the world of innovation. While Munich is continuously developing into one of Europe‚Äôs entrepreneurship hotspots, Marisa is helping tech start-ups worldwide to get access to the local innovation ecosystem. Currently, she is running Rise Europe, a new network of the 20 leading start-up ecosystem builders empowering European start-ups to make a positive global impact."
Jayne Chan,https://platform.southsummit.co/event/south-summit-2023/person/RXZlbnRQZW9wbGVfMjIyODA3NzE=?openConnection=true,Speakers,Government,Head,Hong Kong,Government and Regulation,['https://www.linkedin.com/in/https://www.linkedin.com/in/jayne-chan-7433a7/'],"Jayne is Head of StartmeupHK at Invest Hong Kong (InvestHK), the government department responsible for attracting and retaining Foreign Direct Investment into Hong Kong. Her role at StartmeupHK is to attract innovative startups, investors and other stakeholders to Hong Kong, provide information and connections to support these companies setting up in the city, and help build the ecosystem to transform the city into a global hub for innovation and entrepreneurship."
Rodolfo Condessa,https://platform.southsummit.co/event/south-summit-2023/person/RXZlbnRQZW9wbGVfMjIyNDc2MDc=?openConnection=true,Speakers,Investor,Principal,Portugal,Investment Solution,['https://www.linkedin.com/in/rodolfocondessa'],"Rodolfo joined Armilar Venture Partners in 2019 and serves the firm by sourcing and screening new investment opportunities, structuring and executing deals, and supporting portfolio companies. He focuses on European early-stage software and data-driven startups and looks for teams who combine deep technology expertise with a market-oriented mindset. Rodolfo has a degree in Aerospace Engineering from Instituto Superior T√©cnico and holds an MBA from the Harvard Business School. He started his career as a Trainee at the European Space Agency and has over 14 years of prior experience in space policy, tech transfer, and sales."
Cristina Fanjul,https://platform.southsummit.co/event/south-summit-2023/person/RXZlbnRQZW9wbGVfMjE3OTk2NTM=?openConnection=true,Speakers,Institution,Director,Spain,"Industrial Services
Other",['https://www.linkedin.com/in/Cristinafanjulalonso/'],"Ms. Cristina Fanjul Alonso is the Director of CEEI Asturias/ Business Innovation Centre Asturias, Incubator and accelerator of technology-based companies & spin-offs www.ceei.es where she leads a wide portfolio of services to entrepreneurs and young innovative companies. More than 200 startups were supported last 5 years in biotechnology&health, digital& creative or Industry 4.0 fields._x000D_
_x000D_
She has strong links with the European ecosystem, being Vicepresident of EBN- European Business Network www.ebn.eu-, coordinator of several international projects, member of Advisory Committees as MSCA- Marie Curie actions- and expertise as evaluator in EU initiatives as the EIC Accelerator, flagship programme for breakthrough innovation business scaling-up."
Emily Gonz√°lez Cebri√°n-Lomb√°n,https://platform.southsummit.co/event/south-summit-2023/person/RXZlbnRQZW9wbGVfMjE0Mjc1MTc=?openConnection=true,Speakers,Startup,"CEO
CoFounder",Spain,Other,['https://www.linkedin.com/in/https://www.linkedin.com/in/emilygcebrianlomban/'],"Co-founder & CEO @Froged, the next must-have Product Success & Support Platform for SaaS, helping them to improve their Conversion rates, reduce Churn and take care of their customer's whole lifecycle."
Jose Cordeiro,https://platform.southsummit.co/event/south-summit-2023/person/RXZlbnRQZW9wbGVfMjE0MDA1MjY=?openConnection=true,Speakers,Institution,Director,Spain,Healthcare,"['https://www.linkedin.com/in/josecordeiro/', 'https://x.com/cordeiro', 'https://instagram.com/Josecordeiro2045', 'https://www.facebook.com/Josecordeiro2045']",www.cordeiro.org
Sean Seton-Rogers,https://platform.southsummit.co/event/south-summit-2023/person/RXZlbnRQZW9wbGVfMjAxMTU4MTk=?openConnection=true,Speakers,Investor,"Investor
Partner",United Kingdom,Fintech,"['https://x.com/setonrog', 'https://www.linkedin.com/in/setonrog/']","Sean is a founding Partner at PROfounders Capital, an early-stage venture capital fund investing in European digital startups. The fund looks to invest in technology companies that fix broken customer experiences and has invested and supported leading startups such as Made.com, Unity, GetYourGuide, SideQuestVR, and Small Giant Games. Sean co-founded PROfounders in 2010 after joining from Benchmark Capital, and in 2019 and 2020 he was selected by Forbes for the Midas List Europe. Sean has an engineering degree from Rice University and an MBA from Wharton."
Mariya Konstantinova,https://platform.southsummit.co/event/south-summit-2023/person/RXZlbnRQZW9wbGVfMjA4OTA2Mzg=?openConnection=true,Speakers,Corporation,C-Level,Japan,Food Industry,"['https://instagram.com/missmariyakonstantinova', 'https://x.com/mariya_k__', 'https://www.linkedin.com/in/mariya-konstantinova/']","During the last 10+ years, Mariya has gained solid experience in finance, working also as a CFO for the Japanese and Chinese affiliates of AGRANA Group and leading investment projects in Algeria, Russia, China and Japan, which equipped her with knowledge and skills that are be invaluable for an investor in the food sector. 
Mariya is a FoodTech pioneer, supporting AgTech, FoodScience, FoodService, Coaching, Delivery and Retail. She is supporting startups developing new food products answering the need for more transparency, health, and environmental concerns."
Anamaria Meshkurti,https://platform.southsummit.co/event/south-summit-2023/person/RXZlbnRQZW9wbGVfMTgyNzA1NTg=?openConnection=true,Speakers,Investor,Head,Switzerland,"Artificial Intelligence
Cyber Security
Virtual Reality",['https://www.linkedin.com/in/anamaria-meshkurti/'],"AnaMaria Meshkurti is the Head of Marketing, Communications and Engagement at the FONGIT (Fondation Genevoise pour l‚ÄôInnovation Technologique), the premier Swiss technology startup innovation platform and incubator. Aiming at achieving positive social and economic impact, FONGIT supports startups in the technology sector who are based in Geneva or want to set up their headquarters in the canton. She is a seasoned startup mentor and judge for startups focusing on emerging technologies including AI, IoT, Blockchain, XR and the Metaverse. She has been a guest judge in many events such as the Experience Accelerators Future of work hackathon and the UN AI for Good Global Summit Innovation Factory. 
Previously she worked for the United Nations (UN), as programme officer in the UN International Telecommunication Union (ITU) Office for Europe, in charge of digital inclusion, skills, gender, youth, accessibility and innovation matters with European governments. During her time with the ITU Standardization Sector, she conceptualized and managed the ITU Smart Incubator programme for emerging tech start-ups in developing countries as well as oversaw ITU-T's non-statutory events including workshops, seminars and forums. She also led trainings for the Bridging the Standardization Gap programme, supporting ITU delegates in the standardization process and worked with various groups on the topic of Fintech, Artificial Intelligence, Blockchain, Internet of Things and more. She was instrumental to the delivery of the European Impact Summit 2020 as part of the Advisory Board of the Young Presidents Organization (YPO). 
She is a communications professional with a strong background in public relation and engagement, tech start-ups, innovation, and digital skills. Prior to joining ITU she worked for the World Intellectual Property Organization (WIPO), as well as in various UK based NGOs. She holds diplomas in Business Administration (MBA), Marketing and Communications (MA) as well as International Relations and Global Governance (Bs). 
She is currently the Curator for the World Economic Forum (WEF) Global Shapers Geneva Hub, as well as Chapter Leader for the HULT International Business School Alumni Association of Geneva and part of the Global Hult Alumni Executive Board. She is also an angel investor and board member at Swiss Virtual Reality Startup VR4Business.ch. She is a speaker at many international events on topics related to innovation, digital skills, gender, youth, accessibility and standardization. She was awarded the UN ITU Innovation award and recognized as one of the top 100 Swiss Digital Shapers 2022."
Nityen Lal,https://platform.southsummit.co/event/south-summit-2023/person/RXZlbnRQZW9wbGVfMTc5MjczMzU=?openConnection=true,Speakers,Investor,"Director
Partner",The Netherlands,Green and Clean Tech Solutions,"['https://x.com/icoscapital', 'https://www.linkedin.com/in/nityen-lal-462287/']","Nityen Lal co-founded Icos Capital in 2005 with the goal to invest in technology startups that positive impact human beings & their environment. Since then, he has promoted several disruptive new climate tech innovations mostly against ambiguous market environments. Climate tech innovations are increasingly becoming more successful financially and, in their ability, to deliver substantial impact on climate issues. Nityen serves on the board of AI company Squirro and sustainable agriculture firm eAgronom"
Pablo Moro,https://platform.southsummit.co/event/south-summit-2023/person/RXZlbnRQZW9wbGVfMjIzOTAyMzc=?openConnection=true,Speakers,Investor,Director,Spain,"Connectivity
Fintech
Insurance
Sports
Telecom and IT Services","['https://www.linkedin.com/in/pablo-moro-casquete/', 'https://x.com/mcpablo82']","Head of Investments at Telefonica Ventures. Before, he was Head of Innovation at Mutua Madrile√±a and prior to that Pablo had several investment and BizDev roles in Wayra and Telef√≥nica Spain."
David Ruidor,https://platform.southsummit.co/event/south-summit-2023/person/RXZlbnRQZW9wbGVfMjIzODc0NTA=?openConnection=true,Speakers,Startup,CEO,Spain,Fintech,"['https://www.linkedin.com/in/davidriudor', 'https://instagram.com/driudor', 'https://x.com/driudor']",Spanish Serial Entrepreneur focused on Fintech
CONCHA GUERRA,https://platform.southsummit.co/event/south-summit-2023/person/RXZlbnRQZW9wbGVfMjIzODc0NDU=?openConnection=true,Speakers,Corporation,Head,Spain,Service Provider,['https://www.linkedin.com/in/Concha%20Guerra'],"General Manager,"
Ignacio Garralda,https://platform.southsummit.co/event/south-summit-2023/person/RXZlbnRQZW9wbGVfMjIzODMyOTM=?openConnection=true,Speakers,Corporation,President,Spain,Insurance,[],"LICENCIADO EN DERECHO POR LA UNIVERSIDAD COMPLUTENSE DE MADRID

Mi carrera profesional siempre ha estado ligada al mundo financiero: primero como presidente de Bancoval, luego como uno de los fundadores de la primera empresa independiente de bancos y cajas dedicado a la inversi√≥n financiera, AB Asesores.

Desde 2003 formo parte de Mutua Madrile√±a, donde compagino la presidencia de la entidad con la presidencia de su Fundaci√≥n.

Adem√°s del mundo financiero, me mueve el compromiso con el tercer sector. En 2001 fund√© junto a Salvador Garc√≠a-Atance la Fundaci√≥n Lealtad con el objetivo de analizar la transparencia y las buenas pr√°cticas en las ONG y poder as√≠ apoyar el desarrollo de este sector en Espa√±a."
Carlos Fern√°ndez Romay,https://platform.southsummit.co/event/south-summit-2023/person/RXZlbnRQZW9wbGVfMjIzODIzNDM=?openConnection=true,Speakers,Startup,Head,Spain,Advertising,[],Creative Director & Strategic Planning
Raul Hita Ortega,https://platform.southsummit.co/event/south-summit-2023/person/RXZlbnRQZW9wbGVfMjIzODIwMzc=?openConnection=true,Speakers,Startup,"CEO
CoFounder",Spain,"Data and Analytics
Makers technology
Marketing",[],Emprendedor digital desde hace 9 a√±os
Angel Puertas Estivill,https://platform.southsummit.co/event/south-summit-2023/person/RXZlbnRQZW9wbGVfMjIzODI2NDc=?openConnection=true,Speakers,Startup,"CEO
CoFounder",Spain,Healthcare,[],"Angel Puertas is the co-founder and CEO of SeniorDomo, an advanced teleassistance service that provides 24/7 protection anywhere. He is a computer engineer and MBA with a specialization in entrepreneurship and innovation. With 15 years of experience in technology consulting, innovation projects, and digital transformation, Angel brings a wealth of expertise to his role.

SeniorDomo is a solution that has already been utilized by over 4,000 families throughout Spain and Italy. It is capable of detecting risk situations such as falls, irregularities in pulse readings, disorientation, and more. With its cutting-edge software, SeniorDomo can mediate emergency management within less than 24 seconds."
Francisco Martos,https://platform.southsummit.co/event/south-summit-2023/person/RXZlbnRQZW9wbGVfMjIzODEwMjY=?openConnection=true,Speakers,Other,C-Level,Spain,Software Development,[],"Francisco Martos is CGO and Co-Founder of Exponentia, with a long career in innovation and development projects. He is a telecommunications engineer and expert in new technologies. He also has experience in public funding, having been the director and founder of two important national consultancies."
GONZALO NIETO,https://platform.southsummit.co/event/south-summit-2023/person/RXZlbnRQZW9wbGVfMjIzODAzMzE=?openConnection=true,Speakers,Corporation,CEO,Spain,Power Generation,[],"Licenciado en F√≠sica por la Universidad Complutense de Madrid y MBA por Stern School of Business (New York University). Se incorpor√≥ al departamento de Desarrollo de Negocio de Ferrovial Servicios en 2004. Desempe√±√≥ funciones en varias compa√±√≠as de la divisi√≥n gestionando y desarrollando negocios en varios pa√≠ses de Europa, Am√©rica y Oriente Medio. Antes de su incorporaci√≥n a la compa√±√≠a, trabaj√≥ en McKinsey y Merril Lynch. En octubre de 2021 fue nombrado CEO de Ferrovial Infraestructuras Energ√©ticas y Movilidad."
Sergio Daniel Ramirez,https://platform.southsummit.co/event/south-summit-2023/person/RXZlbnRQZW9wbGVfMjIzNzk0MTc=?openConnection=true,Speakers,Startup,Head,Italy,Data and Analytics,[],"MSc. Sergio Daniel Ram√≠rez de la Vega - Food Sustainability Expert @Thimus 

Mr. Ram√≠rez is a driven Sustainability Consultant that has a multicultural perspective on sustainable development. Sergio Ram√≠rez has worked in global environments including Mexico, the UK, Ecuador, Japan, Per√∫, and the US. Being able to interact with diverse scenarios had made Sergio an empathic and professional consultant that delivers interdisciplinary solutions. Mr. Ram√≠rez graduated with a Master in Science at the University of Leeds (UK) and is a member of the International Society for Ecological Economics and the Institute of Environmental Management and Assessment (PIEMA certification)."
Josep COMINCOLET,https://platform.southsummit.co/event/south-summit-2023/person/RXZlbnRQZW9wbGVfMjIzNzA2ODk=?openConnection=true,Speakers,Institution,Head,Spain,Healthcare,[],"Prof. Josep Comin Colet, MD, PhD

Director of the Cardiology Department, University Hospital Bellvitge, L'Hospitalet de Llobregat, (Barcelona).

Director of the South Metropolitan Barcelona Integrated Heart Failure Programme, L' Hospitalet de Llobregat (Barcelona).

Director of the BIO-HEART Cardiovascular Diseases Research Group, IDIBELL (Bellvitge Biomedical Research Institute), Hospitalet de Llobregat (Barcelona). 

Professor of Medicine, Department of Clinical Sciences, School of Medicine, University of Barcelona."
David Aganzo,https://platform.southsummit.co/event/south-summit-2023/person/RXZlbnRQZW9wbGVfMjIzNjc1MTA=?openConnection=true,Speakers,Institution,President,Spain,Sports,[],Ex professional soccer player. FIFPRO and AFE President.
Iker Casillas,https://platform.southsummit.co/event/south-summit-2023/person/RXZlbnRQZW9wbGVfMjIzNjc0MTE=?openConnection=true,Speakers,Investor,President,Spain,"Entertainment
eSports
Sports",[],"Ex professional football goalkeeper and national champion. He defended Real Madrid‚Äôs goal for 25 years, Spanish National Team member for more than 15 years which he captained lifting the World Cup in 2010 and two consecutive European Championships in 2008 and 2012.

He leads sportstech accelerator SportBoost, 10 companies in portfolio directly linked with sports. He is an active businessman in the new phase beyond football pitch."
Kike Levy,https://platform.southsummit.co/event/south-summit-2023/person/RXZlbnRQZW9wbGVfMjIzNjQzNjM=?openConnection=true,Speakers,Corporation,Manager,Spain,"Advertising
Artificial Intelligence
Entertainment
Virtual Reality","['https://instagram.com/kikelevy', 'https://x.com/kikelevy', 'https://www.linkedin.com/in/kikelevy', 'https://www.facebook.com/kikelevy']","Sport and Technology enthusiast with over 10 years of experience working in helping the Sports Industry navigate the changing digital landscape, with focus on content production, advertising and technology."
Fernando Rex,https://platform.southsummit.co/event/south-summit-2023/person/RXZlbnRQZW9wbGVfMjIzNjQ0MjQ=?openConnection=true,Speakers,Other,Partner,Spain,Telecom and IT Services,[],"Senior Executive with almost 25 years of international experience working for leading Consulting Companies, defining and implementing high value transformational solutions for clients in U.S, Europe, Asia, Africa and Latin-America. 

Joined NTT DATA in 2017, with the mission of defining and executing a new strategic plan for Network & Operations Business Line with a long-term vision, leading among others, 5G, O-RAN, InfraCo & Smart Operations initiatives and Centers of Excellence."
Emerson Kirk,https://platform.southsummit.co/event/south-summit-2023/person/RXZlbnRQZW9wbGVfMjIzNjExMDQ=?openConnection=true,Speakers,Investor,Investor,United States of America,Fintech,[],Principal at Gradient Ventures
Cristian Larrosa,https://platform.southsummit.co/event/south-summit-2023/person/RXZlbnRQZW9wbGVfMjIzNTk1MDM=?openConnection=true,Speakers,Corporation,C-Level,Argentina,"Fintech
Investment Solution
Music","['https://www.linkedin.com/in/cristianlarrosa', 'https://x.com/Cristianlarrosa', 'https://instagram.com/Iamcristianlarrosa']","Cristian is an expert in music financing, blockchain, fintech, DeFi & AI .He founded and leads Larrosa Music, a consulting company focused on financing and technology for the music industry, with Grammy awarded artistic divisions. He has raised over 16 million dollars to boost music financing in Latin America. Cristian is also an investor, consultant, and advisor in music asset projects, a professor in industry-related courses and master's programs and artist with 5 solo albums."
Ana Diaz,https://platform.southsummit.co/event/south-summit-2023/person/RXZlbnRQZW9wbGVfMjIzNTUyMTI=?openConnection=true,Speakers,Corporation,Manager,Spain,Payments,[],Communications Manager at Mastercard Spain and Portugal
Andr√©s Vicent,https://platform.southsummit.co/event/south-summit-2023/person/RXZlbnRQZW9wbGVfMjIzNTIyNTQ=?openConnection=true,Speakers,Investor,Partner,Spain,Fintech,"['https://www.linkedin.com/in/https://www.linkedin.com/in/andresdancausa/', 'https://x.com/AndresDancausa']","About
After an intense experience at Geneva I began work in a tech startup in Spain at the very beginning of iAhorro.com with a lean team of three people. After a couple of months‚Äô work, the project enthused me. A year from then I became an associate and business development director for two years. 
In 2012 I was named CEO of the company, leading a 10 people team to more than 120 employees through a merger banking process never seen before in Spain during a financial downturn. iAhorro is now one of the leading Fintech companies in Spain with a team of more than 140 people, with a business figure that has grown by 200% in the last 3 years.

In February 2016 I begin my second challenging adventure in Education Industry as an entrepreneur in the digital world with great enthusiasm and will to create a positive impact around the world. I had the opportunity to blend my two main passions, Internet and Education founding Sofia Square Technologies. Unfortunately, we didn¬¥t succeed but I understood one of the most important lessons in life: Pain + Reflection = Progress

In October 2018, I started in TheVentureCity. Our Dream is to find, and help to build Unicorns (actually Iwanacorns) around the Globe and that¬¥s what we are doing!!!! üöÄ üí™‚òòÔ∏è"
Kamil Svec,https://platform.southsummit.co/event/south-summit-2023/person/RXZlbnRQZW9wbGVfMjIzNTEwMDc=?openConnection=true,Speakers,Corporation,Director,Spain,Other,[],"Leading the global people function in Telefonica Cybersecurity & Cloud Tech with 6000 employees in 20 countries. Czech by birth, Spanish by heart and Cosmopolita by mind."
Aranzazu Martin P√©rez,https://platform.southsummit.co/event/south-summit-2023/person/RXZlbnRQZW9wbGVfMjIzNDk0NjQ=?openConnection=true,Speakers,Corporation,Director,Spain,Service Provider,['https://www.linkedin.com/in/https://www.linkedin.com/in/aranzazumartin/?originalSubdomain=es'],"Ar√°nzazu works as Director of New Market Development, whose objective is to increase and consolidate Veolia's current activity in the fields of Energy and Waste. 
Ar√°nzazu has worked for 7 years at Ferrovial, as well as in the public sector as Advisor to the Department of the Environment, Transport and Infrastructures of the Regional Government. She graduated from the Polytechnic University of Madrid as an Agricultural Engineer and PhD in Economics from the same University."
Carlos Ruisanchez,https://platform.southsummit.co/event/south-summit-2023/person/RXZlbnRQZW9wbGVfMjIzNDgzNTI=?openConnection=true,Speakers,Investor,Head,Spain,Telecom and IT Services,"['https://x.com/@carlosruisanchz', 'https://www.linkedin.com/in/https://www.linkedin.com/in/carlos-ruis%C3%A1nchez-p%C3%A9rez-30b444132/']","Carlos Ruis√°nchez has a degree in economics from the Complutense University of Madrid and has completed his studies at the SBE (School of Business and Economics) in Maastricht (Holland).

He is currently Head of scouting & Dealflow at Wayra Spain, Telef√≥nica's open innovation hub. 

Previously he worked at Fundaci√≥n JME (Project manager), JME Venture Capital, Seedrocket and Tetuan valley (Program manager and community builder) at Google for startups. Carlos has also been speaker at TEDx, Ignite and Cadena Ser, among others."
Javier de Pablo,https://platform.southsummit.co/event/south-summit-2023/person/RXZlbnRQZW9wbGVfMjIzNDc2ODI=?openConnection=true,Speakers,Investor,CEO,Spain,"Biology and Life Sciences
Real Estate",[],"Javier has been working in the real estate industry for more than 25 years, holding positions of responsibility in private equity, reits and proptech. Since the beginning of 2022, he has led the creation of MASID as the first completely private Life Sciences and Innovation hub in Spain."
Alfonso Ruiz de Ojeda Silva,https://platform.southsummit.co/event/south-summit-2023/person/RXZlbnRQZW9wbGVfMjIzNDY0MTM=?openConnection=true,Speakers,Investor,"Advisor
Associate
CEO
Chairman
Coach
CoFounder
Founder
Investor
Manager",Spain,"Aerospace and Aeronautics
Art and Design
Artificial Intelligence
Automotive
Big Data
Blockchain
Cloud
Communities and Events
Consumer and Ecommerce
Culture
Data and Analytics
Drones
Education
Entertainment
eSports
Fashion and Apparel
Fintech
Food Industry
Green and Clean Tech Solutions
Healthcare
Insurance
Investment Solution
Legal
Long-life Learning
Machine Learning
Makers technology
Marketing
Media and Communications
Medical Prevention and Diagnosis
Music
Other
Payments
Pets
Pharma and Drugs
Professional Training
Real Estate
Real Estate for B2C
Recruitment and Jobs
Retail
Retail for B2C
Service Provider
Social Impact
Social Networking
Software Development
Sports
Telecom and IT Services
Tourism
Transportation
Travel
Virtual Reality
Wellness",[],"Business Angel, Mentor, Entrepreneur, Consultant, Business Developer, Managing Partner, Trainer, Speaker, Coach ‚Ä¶"
Lionel Elbaz,https://platform.southsummit.co/event/south-summit-2023/person/RXZlbnRQZW9wbGVfMjIzNDQ2NzY=?openConnection=true,Speakers,Startup,"CEO
Founder",France,"Artificial Intelligence
Healthcare
Machine Learning
Medical Prevention and Diagnosis
Social Impact","['https://instagram.com/drlionelelbaz', 'https://www.linkedin.com/in/lionel-elbaz-ba2455108/']","Doctor in Dental Surgery
Ex-COO of French DSO (20+ dental clinics)"
IRENE G√ìME LUQUE,https://platform.southsummit.co/event/south-summit-2023/person/RXZlbnRQZW9wbGVfMjIzNDMxNjc=?openConnection=true,Speakers,Corporation,Director,Spain,Telecom and IT Services,[],"As Open Innovation Director at Telefonica Group, Irene has the mission of accelerating internal technological innovation connecting, collaborating and investing in startups. The focus is to capture and enhance business opportunities between startups and Telef√≥nica that arise with the arrival of 5G, the internet of things (IoT), artificial intelligence (AI), Metaverse, advanced data analysis, robotics and cloud computing, among other technologies"
